{"@module": "huyen_vbm_Oh.vbm_info", "@class": "VBMInfo", "@version": null, "formula": "La3SbO3", "band_idx": 55, "kpt_idx": 0, "orbitals": {"La": {"s": 0.0, "p": 0.020000000000000004, "d": 0.057999999999999996}, "Sb": {"s": 0.0, "p": 0.314, "d": 0.0}, "O": {"s": 0.0, "p": 0.030000000000000002, "d": 0.0}}}